Ticker,Weight
CLC,0.194957757208071
HAR,0.173567382602398
PRI,0.122795248163185
APH,0.067102825036451
IDXX,0.054081514455935
ARCC,0.049595754346057
LGF/B,0.042325943758539
NMFC,0.041489214321362
VGR,0.040994794561065
HXL,0.037383519579045
RGA,0.032759184885866
TCAP,0.031764847408188
AZPN,0.026167623887469
SGMS,0.024762149523332
SLM,0.024330026544214
UCBI,0.023446753688921
